"Season","Squad","Rk","Matches.played","Wins","Draws","Loses","Goals.for","Goals.against","Goal.difference","Points","Points.per.match","Expected.goals","Expected.goals.allowed","Expected.goals.difference","Expected.goals.difference.per.90.minutes","Attendance","Assists","Passes.completed","Passes.attempted","Short.passes.completed","Short.passes.attempted","Medium.passes.completed","Medium.passes.attempted","Long.passes.completed","Long.passes.attempted","Progressive.passes","Live.ball.passes","Dead.ball.passes","Passes.from.free.kicks","Through.balls","Switches","Crosses","Throw.in.taken","Corner.kicks","Corner.kicks.in","Corner.kicks.out","Corner.kicks.straight","Passes.offside","Passes.blocked","Passes.into.penalty.area","Shoots.total","Shoots.on.target","Average.shot.distance","Free.kick.shots","Shot.creating.actions","SCA.Live.ball.pass","SCA.Dead.ball.pass","SCA.Take.on","SCA.Shot","SCA.Fouls.drawn","SCA.Deffensive.action","Goal.creatiing.actions","GCA.Live.ball.pass","GCA.Dead.ball.pass","GCA.Take.on","GCA.Shot","GCA.Fouls.drawn","GCA.Deffensive.action","Penalty.kicks.attempted","Penalty.kicks.made","Tackles","Tackles.won","Tackles.def.3rd","Tackles.mid.3rd","Tackles.att.3rd","Dribblers.tackled","Dribblers.challenged","Challenges.lost","Blocks","Shots.blocked","Blocked.passes","Interceptions","Clearances","Errors","Ball.recoveries","Fouls.commited","Yellow.cards","Second.yellow.card","Red.cards","Own.goals","Cleansheets","Possession","Touches","Touches.def.pen","Touches.def.3rd","Touches.mid.3rd","Touches.att.3rd","Touches.att.pen","Takes.on.attempted","Takes.on.succesful","Times.tackled.during.take.on","Carries","Total.carrying.distance","Progressive.carrying.distance","Progressive.carries","Carries.into.final.third","Carreis.into.penalty.area","Miscontrols","Dispossessed","Fouls.drawn","Passes.recived","Progressive.passes.recived","Aerials.won","Aerial.lost","Age","Substitute.apperances","Matchehs.as.unused.sub"
"2022/2023","Manchester City",1,"38","28","5","5","94","33","+61","89","2.34","78.6","32.1","+46.5","+1.22","53249","69","23263","26642","11020","11888","9848","10836","1932","2849","2073","25047","1544","440","94","177","742","614","238","72","87","11","51","350","445","590","205","16.6","20","1099","826","81","53","76","49","14","168","130","7","8","9","12","2","10","9","471","272","185","198","88","212","462","250","339","95","244","223","694","402","1866","347","44","0","1","1","13","64.7","29895","2170","7410","14372","8301","1277","704","336","239","19122","104099","56216","988","754","279","406","298","384","22992","2054","438","364","27.2","123","219"
"2022/2023","Arsenal",2,"38","26","6","6","88","43","+45","84","2.21","71.9","42.0","+29.9","+0.79","60191","64","18281","21969","8542","9478","7825","8821","1454","2548","2049","20293","1620","516","86","97","674","615","223","154","8","3","56","379","459","589","194","16.0","16","1045","776","78","57","73","43","18","150","121","6","5","13","3","2","4","3","568","343","238","212","118","249","509","260","362","86","276","237","805","599","1984","373","51","0","0","1","14","59.3","25909","1994","6632","11452","8015","1296","751","351","290","15924","84012","44202","824","583","281","526","378","435","18101","2024","486","559","24.7","150","192"
"2022/2023","Manchester Utd",3,"38","23","6","9","58","43","+15","75","1.97","67.7","50.4","+17.3","+0.45","73671","42","16603","20525","8273","9294","6359","7306","1438","2651","1595","18827","1619","325","105","165","517","715","196","71","47","4","79","420","398","590","206","17.8","20","1051","840","58","46","63","35","9","99","79","3","8","5","4","0","3","3","658","400","343","231","84","301","598","297","496","146","350","352","1010","771","2190","424","78","0","2","1","17","53.7","24848","2639","8093","10389","6570","1036","730","317","338","14245","70351","37126","711","515","239","497","293","297","16447","1578","465","434","26.9","149","192"
"2022/2023","Newcastle Utd",4,"38","19","14","5","68","33","+35","71","1.87","72.0","39.6","+32.4","+0.85","52127","42","13925","17837","6433","7370","5580","6605","1523","2774","1618","16020","1746","447","88","142","740","728","270","106","90","15","71","370","403","565","184","15.6","15","1008","690","110","62","77","57","12","106","64","6","15","10","6","5","6","6","607","360","268","254","85","307","642","335","448","116","332","333","940","680","2065","406","61","0","1","2","14","52.3","22106","2088","6757","9053","6516","1161","783","349","322","12021","64166","32968","694","493","227","576","363","399","13803","1599","553","427","27.3","155","185"
"2022/2023","Liverpool",5,"38","19","10","9","75","47","+28","67","1.76","72.6","50.9","+21.7","+0.57","53163","58","20043","24361","9023","10114","8561","9758","1962","3283","1992","22466","1811","416","103","198","799","860","235","56","155","1","84","383","452","601","203","16.2","7","1046","778","85","55","75","33","20","129","97","9","7","8","7","1","4","2","590","370","228","250","112","281","648","367","350","74","276","333","923","568","2211","405","57","0","1","2","14","60.8","28399","2310","8119","13329","7149","1252","691","320","282","17146","82458","41527","719","569","234","584","413","321","19921","1974","482","455","27.4","164","178"
"2022/2023","Brighton",6,"38","18","8","12","72","53","+19","62","1.63","73.3","50.2","+23.1","+0.61","31477","46","19210","22888","9346","10305","7892","8919","1463","2462","1849","21109","1709","445","81","130","694","693","233","102","88","2","70","383","391","607","219","16.8","12","1075","819","73","81","63","27","12","115","83","3","13","9","6","1","6","6","616","340","270","242","104","266","561","295","392","104","288","303","919","432","2013","427","58","0","0","6","12","60.2","26728","2471","7844","12213","6873","1102","726","345","279","16331","83718","43965","809","547","250","558","324","407","18991","1828","444","387","26.3","143","199"
"2022/2023","Aston Villa",7,"38","18","7","13","51","46","+5","61","1.61","50.2","52.5","-2.2","-0.06","39485","35","13782","17396","6109","6945","5981","6936","1345","2579","1242","15544","1794","599","54","101","561","684","162","97","19","4","58","325","268","427","145","18.0","18","751","565","50","48","38","40","10","84","55","2","6","12","6","3","4","3","633","338","305","251","77","313","646","333","438","118","320","324","957","714","1847","417","80","0","1","4","12","49.3","21501","2783","7912","9077","4706","746","681","292","279","12294","65583","33156","637","434","174","565","371","498","13587","1227","442","465","27.0","144","193"
"2022/2023","Tottenham",8,"38","18","6","14","70","63","+7","60","1.58","57.1","49.7","+7.4","+0.20","61585","46","15972","19672","7333","8180","6707","7682","1499","2669","1449","17950","1655","404","74","165","719","664","203","113","51","0","67","414","323","512","186","16.7","13","910","692","60","46","55","38","19","116","84","7","7","9","7","2","6","5","619","353","325","215","79","275","574","299","428","148","280","340","959","762","1984","424","77","1","3","1","10","50.0","23836","2734","8571","10329","5135","842","666","306","288","13679","71290","36842","692","465","189","521","356","353","15864","1436","549","474","27.6","140","202"
"2022/2023","Brentford",9,"38","15","14","9","58","46","+12","59","1.55","56.8","49.9","+6.8","+0.18","17078","36","11317","15551","5142","6116","4475","5602","1438","2947","1131","13766","1713","453","53","107","661","738","163","83","34","12","72","303","279","400","147","15.7","14","702","475","99","32","45","44","7","98","65","8","4","8","11","2","8","7","587","337","270","228","89","253","599","346","456","168","288","341","928","822","1959","354","57","1","1","3","12","43.8","19750","2632","7290","7802","4835","827","597","264","248","10408","49009","23987","392","299","102","520","335","399","11203","1121","665","618","26.2","171","171"
"2022/2023","Fulham",10,"38","15","7","16","55","53","+2","52","1.37","46.2","63.8","-17.6","-0.46","23746","33","13974","18014","5867","6818","6222","7333","1551","2860","1326","16136","1818","471","20","157","769","795","182","70","69","2","60","393","284","420","137","17.3","17","751","528","78","29","54","47","15","90","56","9","5","11","7","2","9","5","625","350","295","229","101","299","585","286","455","125","330","340","965","749","1979","411","80","0","1","2","9","48.8","22162","2563","7462","9521","5416","758","599","272","239","12250","68158","35319","662","472","124","535","379","405","13847","1316","511","550","28.2","152","190"
"2022/2023","Crystal Palace",11,"38","11","12","15","40","49","-9","45","1.18","39.3","48.1","-8.8","-0.23","24952","29","13395","17308","6005","6901","5794","6772","1309","2751","1243","15416","1834","525","41","118","591","763","186","84","60","5","58","350","239","423","133","17.6","23","746","497","67","56","49","59","18","67","43","6","6","6","4","2","3","1","690","421","354","246","90","281","532","251","463","119","344","359","1049","807","2093","446","82","2","3","3","9","46.3","21713","2580","7668","9275","4991","766","784","367","314","11687","60301","30015","556","393","206","643","457","479","13304","1238","496","578","26.7","138","204"
"2022/2023","Chelsea",12,"38","11","11","16","38","47","-9","44","1.16","49.5","52.5","-3.0","-0.08","40002","27","19147","22836","9510","10494","7700","8709","1461","2499","1737","20995","1767","503","58","129","693","722","209","108","70","2","74","371","370","481","151","16.8","10","859","667","66","42","42","31","11","68","57","3","2","2","4","0","3","3","740","445","363","267","110","333","656","323","466","108","358","341","1081","661","2024","397","81","2","3","3","10","58.7","27166","2564","8461","12057","6850","958","838","380","352","16538","83509","43596","829","622","216","568","381","462","19065","1729","493","453","26.3","173","169"
"2022/2023","Wolves",13,"38","11","8","19","31","58","-27","41","1.08","36.8","59.9","-23.1","-0.61","31482","12","14554","18294","6350","7195","6306","7257","1574","2890","1343","16575","1657","430","49","149","661","663","185","61","86","2","62","355","252","409","119","18.0","18","713","521","62","30","47","42","11","44","32","1","3","6","1","1","3","3","661","370","364","222","75","286","609","323","497","175","322","279","940","817","2052","463","85","1","6","1","11","49.9","22539","2921","8544","9262","4960","686","772","375","302","12373","67215","35065","610","421","142","516","327","389","14452","1331","465","542","26.7","165","175"
"2022/2023","West Ham",14,"38","11","7","20","42","55","-13","40","1.05","49.2","53.0","-3.9","-0.10","62462","25","12369","16357","5883","6778","4784","5831","1383","2753","1274","14625","1670","347","41","162","768","722","206","129","57","1","62","390","212","466","133","17.3","13","817","586","81","40","60","35","15","67","41","6","6","8","6","0","8","6","608","336","290","226","92","270","562","292","415","139","276","408","1016","810","2023","362","44","0","0","1","9","42.1","20410","2362","6898","8703","4993","756","614","249","266","10540","57451","28247","615","413","166","458","357","316","12256","1266","620","587","28.2","132","204"
"2022/2023","Bournemouth",15,"38","11","6","21","37","71","-34","39","1.03","38.6","63.9","-25.3","-0.67","10362","24","11715","15381","5412","6278","4751","5644","1192","2491","1006","13607","1736","424","48","87","509","706","144","88","25","9","38","342","237","358","126","15.5","14","616","445","45","52","43","24","7","64","44","5","4","8","2","1","0","0","618","371","316","249","53","256","606","350","499","170","329","353","971","1027","1942","391","68","0","0","3","8","40.4","19950","2934","8004","7933","4256","699","735","321","344","10336","55322","27419","504","388","144","589","367","365","11617","986","521","539","26.3","141","201"
"2022/2023","Nott'ham Forest",16,"38","9","11","18","38","68","-30","38","1.00","39.3","64.2","-24.9","-0.66","29188","22","9543","13606","4046","4952","4071","5126","1187","2708","859","11801","1738","446","31","66","530","720","128","65","53","1","67","313","172","362","111","17.2","9","593","416","59","31","38","36","13","54","31","5","4","11","3","0","6","3","659","387","380","201","78","296","584","288","500","156","344","349","1008","944","1902","445","84","0","0","0","8","37.6","17912","2715","7420","6953","3755","611","569","254","235","8674","46411","24008","435","308","111","537","275","390","9452","847","560","600","26.5","159","183"
"2022/2023","Everton",17,"38","8","12","18","34","57","-23","36","0.95","45.2","65.7","-20.5","-0.54","39243","24","11790","15783","5336","6174","4771","5750","1366","2947","1052","13984","1735","434","39","93","704","707","174","138","28","0","64","311","224","426","143","16.8","12","735","495","84","37","54","45","20","59","41","5","5","2","4","2","3","3","708","424","362","257","89","309","611","302","510","180","330","390","1098","874","2049","396","81","1","2","0","9","42.8","20233","2527","7219","8417","4830","742","669","305","296","10479","56737","27858","500","391","137","605","300","382","11708","1042","582","613","26.6","116","225"
"2022/2023","Leicester City",18,"38","9","7","22","51","68","-17","34","0.89","50.6","63.4","-12.8","-0.34","31887","36","14887","18871","7245","8221","6087","7165","1165","2422","1304","17049","1739","464","76","93","496","724","135","70","41","6","83","393","220","412","142","17.7","14","744","540","52","50","50","38","14","87","59","2","8","8","7","3","6","3","700","412","345","292","63","308","669","361","517","170","347","367","1067","777","2013","410","63","2","2","5","7","47.7","23125","2681","8408","10293","4641","688","620","291","245","12503","63356","31619","580","363","175","548","313","397","14797","1294","512","558","26.1","138","203"
"2022/2023","Leeds United",19,"38","7","10","21","48","78","-30","31","0.82","47.4","67.2","-19.8","-0.52","36566","31","12437","16924","6115","7225","4782","5973","1072","2528","1429","14953","1911","484","41","87","653","837","199","93","68","4","60","414","270","459","141","16.6","19","783","535","99","32","54","48","15","69","43","7","4","9","3","3","3","1","840","480","376","343","121","412","863","451","536","131","405","392","1232","734","2206","467","89","2","3","1","5","47.0","21642","2125","6971","9290","5587","796","688","268","328","11342","55021","27062","555","379","146","602","421","405","12329","1418","586","607","25.3","157","185"
"2022/2023","Southampton",20,"38","6","7","25","36","73","-37","25","0.66","37.7","61.0","-23.3","-0.61","30440","25","12319","16391","5972","6925","4830","5823","1170","2625","1125","14585","1749","426","38","87","613","752","157","63","65","2","57","375","239","413","132","18.1","17","718","493","77","46","51","38","13","61","35","5","7","5","6","3","4","2","713","426","377","279","57","297","611","314","542","165","377","428","1141","852","2130","430","73","0","0","5","4","44.5","21095","2639","7452","8998","4880","712","759","361","318","11324","61010","29821","588","453","131","567","400","378","12216","1112","551","611","24.7","175","167"
"2021/2022","Manchester City",1,"38","29","5","3","99","26","+73","93","2.45","88.7","24.6","+64.0","+1.68","52774","63","24406","27902","11713","12605","10158","11162","1972","2895","2421","26239","1597","406","102","192","869","664","316","154","50","4","66","355","535","704","237","16.3","17","1286","997","78","70","88","42","11","158","112","10","6","19","8","3","9","7","498","284","183","214","101","227","509","282","267","55","212","279","777","403","1967","321","42","0","1","0","21","67.9","31381","1837","6566","15281","9729","1499","741","425","316","21064","110018","61200","1145","840","386","497","316","330","24212","2402","482","397","27.0","79","261"
"2021/2022","Liverpool",2,"38","28","6","2","94","26","+68","92","2.42","88.7","33.8","+54.9","+1.45","53352","71","21163","25552","9420","10506","9245","10569","2000","3211","2243","23742","1747","436","112","167","897","780","282","47","207","0","63","374","511","721","237","16.7","13","1249","912","105","63","104","49","16","163","121","9","9","19","5","0","8","7","554","320","207","240","107","233","576","343","359","74","285","340","894","523","2265","363","50","0","1","1","21","62.7","29575","2130","7195","14176","8419","1377","635","343","291","17262","84190","45325","885","672","290","590","366","286","21042","2227","571","467","27.7","111","231"
"2021/2022","Chelsea",3,"38","21","6","6","76","33","+43","74","1.95","63.4","33.2","+30.1","+0.79","36443","52","21190","24888","10628","11617","8318","9322","1524","2514","1967","23158","1661","434","77","101","745","713","241","113","100","0","69","364","437","583","200","17.4","26","1064","818","62","48","75","49","12","135","97","9","8","10","9","2","9","8","621","348","267","269","85","257","567","310","408","96","312","347","968","641","2084","409","63","0","1","1","16","61.8","28975","2279","7926","13385","7881","1066","624","364","260","17090","86187","46504","894","729","243","591","383","392","21040","1956","538","486","27.4","111","226"
"2021/2022","Tottenham",4,"38","22","14","11","69","40","+29","71","1.87","61.2","39.3","+21.9","+0.58","56523","50","17204","20696","8270","9143","6856","7812","1376","2371","1459","18976","1658","430","88","133","632","676","193","78","62","0","62","332","338","486","185","16.7","16","882","678","51","46","61","37","9","117","95","3","4","8","6","1","5","5","598","349","286","244","68","262","584","322","470","161","309","355","953","793","1893","386","69","1","1","1","16","51.8","24853","2515","8010","11453","5627","864","667","375","291","15122","82037","42338","791","596","195","588","341","406","17097","1450","560","500","26.5","106","236"
"2021/2022","Arsenal",5,"38","22","10","13","61","48","+13","69","1.82","60.5","45.7","+14.9","+0.39","59665","41","16176","19843","7325","8210","7187","8140","1326","2584","1655","18149","1628","404","77","132","633","679","208","153","23","5","66","309","329","581","186","17.8","21","1030","788","68","57","66","39","12","99","69","8","4","13","4","1","8","5","540","311","261","195","84","244","500","256","386","123","263","296","836","658","1861","365","67","3","4","1","13","52.8","23780","2227","7151","10336","6491","982","590","319","271","13993","73530","39388","734","494","223","557","337","357","16066","1642","463","572","24.4","110","232"
"2021/2022","Manchester Utd",6,"38","16","8","12","57","57","0","58","1.53","55.8","53.0","+2.8","+0.07","73150","46","16690","20641","8162","9234","6398","7436","1548","2626","1568","18862","1691","376","80","187","659","725","197","74","88","0","88","369","312","503","179","17.7","19","917","706","65","56","38","39","13","104","77","6","6","7","5","3","5","3","585","358","320","197","68","265","608","343","404","133","271","340","925","704","2071","396","77","1","2","3","8","52.7","24652","2256","7391","11141","6331","883","631","368","263","13954","76394","41495","784","587","213","538","333","320","16590","1562","555","443","27.2","114","227"
"2021/2022","West Ham",7,"38","16","7","14","60","51","+9","56","1.47","51.4","53.5","-2.1","-0.06","58370","46","14326","18378","6627","7493","5789","6856","1479","2906","1449","16647","1672","309","29","146","802","770","200","135","43","1","59","353","271","443","142","16.6","13","770","569","68","47","50","28","8","102","72","10","5","9","5","1","6","4","534","301","273","199","62","240","557","317","420","175","245","374","908","781","1970","323","52","2","3","2","8","47.9","22331","2444","7012","9992","5543","810","545","306","239","12622","68100","32664","646","479","171","520","294","276","14229","1437","639","628","28.2","95","247"
"2021/2022","Leicester City",8,"38","14","6","14","62","59","+3","52","1.37","47.8","59.3","-11.5","-0.30","32493","46","16129","20137","7751","8789","6573","7579","1329","2581","1356","18268","1809","457","65","105","556","769","185","113","42","2","60","379","254","433","164","17.8","14","745","566","41","48","42","33","15","105","81","3","4","8","5","4","2","2","690","384","336","270","84","306","720","414","469","146","323","367","1057","777","2015","356","55","0","1","1","7","52.0","24409","2771","8575","11067","4962","746","547","297","250","13897","68708","34763","622","467","157","601","368","396","16036","1351","530","553","26.5","109","232"
"2021/2022","Brighton",9,"38","12","14","11","42","44","-2","51","1.34","46.2","42.9","+3.3","+0.09","30966","30","16410","20588","7195","8172","7130","8208","1579","2953","1547","18838","1697","390","58","152","728","784","200","84","96","0","53","397","342","482","141","17.7","15","870","630","84","49","55","40","12","72","49","8","4","6","4","1","7","4","668","403","306","257","105","243","563","320","480","150","330","358","1026","723","2154","393","72","0","2","0","11","54.4","24854","2629","8034","10520","6505","876","559","317","242","13919","68537","35095","676","519","139","598","349","355","16278","1529","569","498","26.2","111","231"
"2021/2022","Wolves",10,"38","15","7","17","38","43","-5","51","1.34","37.5","56.9","-19.4","-0.51","30841","22","15253","19103","6533","7415","6610","7664","1718","3005","1283","17380","1662","420","58","151","587","718","168","41","86","6","61","329","212","401","133","18.6","13","692","496","44","65","37","31","19","58","37","4","5","8","2","2","1","1","673","377","377","242","54","273","671","398","437","135","302","389","1062","820","2104","366","62","2","2","1","11","49.5","23334","2657","8472","10204","4887","703","771","450","321","12837","69338","36188","723","522","190","598","341","335","15117","1262","461","490","27.3","107","230"
"2021/2022","Newcastle Utd",11,"38","13","12","15","44","62","-18","49","1.29","38.1","57.1","-19.0","-0.50","51487","23","10201","14036","4545","5432","3917","4880","1343","2746","923","12203","1762","415","31","114","592","743","160","90","46","14","71","281","193","446","142","18.1","15","758","504","81","61","57","44","11","70","46","4","5","9","6","0","3","3","659","383","334","266","59","304","641","337","420","162","258","360","1019","776","1835","392","81","1","2","2","8","40.4","18281","2310","6731","7483","4314","727","632","359","273","9243","50896","23964","544","397","163","622","359","366","10113","911","677","619","27.5","108","233"
"2021/2022","Crystal Palace",12,"38","11","11","12","50","46","+4","48","1.26","46.4","40.7","+5.7","+0.15","24588","31","14983","19081","6553","7495","6521","7610","1467","2871","1229","17115","1903","528","40","120","643","844","175","88","44","8","63","316","270","404","140","16.1","13","711","500","63","43","46","43","16","81","53","3","7","8","9","1","8","6","637","374","323","236","78","273","575","302","452","135","317","333","970","761","2103","414","69","1","1","2","12","51.1","23466","2753","8764","9989","4943","749","687","382","305","13129","65928","33176","592","410","149","671","471","481","14878","1214","610","618","27.1","108","229"
"2021/2022","Brentford",13,"38","13","8","18","48","56","-8","46","1.21","45.8","48.5","-2.7","-0.07","16918","33","11676","16272","5201","6312","4797","6120","1357","2852","1189","14443","1763","432","50","70","640","778","159","84","47","9","66","333","262","436","141","16.3","11","739","487","96","37","62","43","14","78","46","11","4","8","9","0","6","6","607","342","299","228","80","291","616","325","383","113","270","393","1000","863","2061","371","65","2","3","2","9","44.8","20462","2793","7862","8201","4566","819","476","262","214","10280","49925","26085","450","332","102","563","291","363","11565","1170","717","728","25.4","114","223"
"2021/2022","Aston Villa",14,"38","13","7","19","52","54","-2","45","1.18","44.0","49.0","-4.9","-0.13","41681","42","12748","16499","5916","6803","5184","6136","1239","2571","1300","14615","1832","525","71","97","670","716","196","111","42","11","52","278","293","461","159","17.6","20","837","608","85","49","41","48","6","93","65","9","9","7","3","0","3","3","634","382","300","259","75","300","649","349","453","140","313","339","973","693","1850","401","81","1","2","2","11","46.5","20609","2411","6876","8896","5049","825","587","333","254","11796","62511","31674","653","422","166","595","344","504","12668","1293","538","561","26.1","113","228"
"2021/2022","Southampton",15,"38","9","6","16","43","67","-24","40","1.05","44.8","60.0","-15.2","-0.40","30134","26","12505","16941","6089","7173","4893","6093","1112","2591","1326","15115","1784","411","43","81","711","750","233","106","105","4","42","343","249","478","161","17.7","24","814","585","68","43","51","49","18","71","44","5","6","4","9","3","4","4","602","340","285","243","74","248","581","333","430","132","298","446","1048","795","2224","402","65","1","2","2","8","47.7","21418","2216","6541","9409","5713","830","624","350","274","11085","62327","31425","728","561","197","626","366","363","12388","1314","672","726","25.7","110","232"
"2021/2022","Everton",16,"38","11","11","21","43","66","-23","39","1.03","41.2","55.4","-14.2","-0.37","38446","29","10366","14557","4889","5859","3844","4901","1215","2704","1100","12746","1758","413","30","70","653","783","161","83","60","0","53","345","255","430","130","17.7","18","742","533","69","43","42","45","10","68","46","4","4","6","8","0","7","6","705","402","369","252","84","336","735","399","496","140","356","365","1070","815","2023","368","82","2","6","5","8","40.0","19075","2289","6394","7899","5013","728","634","337","295","9422","53443","25599","512","388","143","640","325","388","10276","1086","634","725","26.7","97","240"
"2021/2022","Leeds United",17,"38","9","12","18","42","79","-37","38","1.00","44.4","67.8","-23.5","-0.62","36308","26","13989","18288","6271","7285","5921","7050","1325","2754","1483","16432","1793","417","66","140","648","798","170","100","38","3","63","368","272","480","142","18.3","13","825","589","68","52","60","42","14","66","36","2","10","10","5","3","5","5","787","437","396","298","93","408","886","478","473","143","330","395","1182","621","2260","469","101","0","3","1","5","52.3","22705","2608","8521","9502","4919","789","655","339","316","12260","67099","36354","671","412","170","676","298","368","13865","1467","470","626","26.1","106","234"
"2021/2022","Burnley",18,"38","7","7","17","34","53","-19","35","0.92","39.7","57.1","-17.4","-0.46","19278","26","9454","14107","4297","5327","3306","4472","1457","3216","972","12275","1731","370","32","135","747","783","183","152","14","1","101","334","240","405","119","17.2","14","674","455","81","28","50","50","10","60","39","9","5","3","4","0","2","1","590","324","273","235","82","250","534","284","509","211","298","410","1000","887","2027","394","68","0","2","2","9","40.2","18371","2247","5842","8051","4686","663","479","258","221","8229","42272","19061","388","300","84","540","291","332","9342","958","827","733","28.5","96","244"
"2021/2022","Watford",19,"38","6","10","27","34","77","-43","23","0.61","40.0","64.5","-24.5","-0.64","20614","26","10423","14640","4505","5496","4270","5325","1330","2903","1070","12800","1787","394","35","101","610","808","161","90","50","4","53","317","213","397","123","18.1","24","693","475","59","48","43","52","16","57","36","5","4","7","3","2","2","1","614","356","341","213","60","278","626","348","440","148","292","444","1058","899","2154","442","63","3","3","3","4","40.7","19161","2469","7245","7827","4328","625","751","395","356","9428","51370","24863","557","380","148","639","389","352","10320","1057","711","749","28.4","106","234"
"2021/2022","Norwich City",20,"38","5","7","26","23","84","-61","22","0.58","32.3","75.5","-43.2","-1.14","26836","16","12164","16070","5578","6484","4912","5949","1369","2757","1031","14176","1839","474","50","153","568","766","165","90","60","2","55","306","226","370","104","19.0","18","637","435","67","41","33","50","11","35","27","2","1","1","3","1","3","3","614","368","322","242","50","297","714","417","450","180","270","381","995","860","1887","356","57","1","1","2","6","42.9","20234","2911","8245","8047","4167","601","581","298","283","11136","60854","30074","566","356","126","548","313","431","12047","1018","493","598","26.2","114","227"
"2020/2021","Manchester City",1,"38","27","5","6","83","32","+51","86","2.26","68.2","30.2","+38.0","+1.00","526","55","23819","27167","11548","12409","9673","10628","1771","2616","2051","25546","1564","423","38","146","632","656","247","73","86","4","57","320","412","590","211","17.2","21","1067","801","61","90","57","43","15","141","100","3","17","13","6","2","9","5","498","271","198","212","88","234","576","342","310","82","228","319","817","453","1946","361","46","0","2","1","19","63.5","30700","1912","6477","15960","8504","1196","783","485","298","20039","106424","59443","1096","863","340","510","350","372","23640","2033","479","417","26.1","77","240"
"2020/2021","Manchester Utd",2,"38","21","6","6","73","44","+29","74","1.95","60.1","41.4","+18.6","+0.49","526","51","18800","22624","9248","10259","7258","8255","1597","2585","1832","20810","1738","433","34","211","640","760","197","83","87","4","76","401","377","515","196","18.1","21","953","720","73","46","58","46","10","127","94","5","8","9","9","2","11","10","551","311","252","239","60","231","572","341","418","116","302","386","937","634","2124","452","64","0","1","2","13","55.7","26617","2222","7609","11950","7323","921","711","415","293","15481","88886","47495","877","666","201","536","360","400","18671","1817","546","413","25.6","99","219"
"2020/2021","Liverpool",3,"38","20","6","9","68","42","+26","69","1.82","67.5","43.0","+24.5","+0.65","837","43","21929","26226","10789","11862","8747","9940","1715","2969","2057","24396","1765","409","44","156","862","811","257","51","147","2","65","357","524","602","204","17.1","22","1068","818","71","58","61","46","14","110","77","6","4","14","6","3","6","6","526","303","195","231","100","220","543","323","338","58","280","347","873","563","2202","396","40","0","0","0","12","62.1","30073","2075","7215","14867","8242","1211","696","407","288","19103","96220","50778","886","754","249","592","387","316","21796","2041","537","572","26.8","104","212"
"2020/2021","Chelsea",4,"38","19","14","9","58","36","+22","67","1.76","62.4","30.3","+32.1","+0.85","526","38","21969","25799","10454","11454","8965","9976","1667","2703","1798","24055","1665","402","29","154","749","732","226","77","113","2","79","362","377","546","193","17.1","16","1018","790","81","42","55","43","7","95","69","6","4","6","10","0","10","8","612","341","257","282","73","231","570","339","420","83","337","382","994","661","1999","433","51","1","3","1","18","60.9","29889","2502","8879","13917","7308","1017","657","359","298","17523","90661","48291","895","663","243","585","286","364","21851","1787","569","515","26.0","108","208"
"2020/2021","Leicester City",5,"38","20","10","12","68","50","+18","66","1.74","55.8","46.0","+9.8","+0.26","421","45","17014","21216","7893","8978","7010","8113","1461","2737","1464","19423","1722","474","35","92","649","738","212","61","85","5","71","376","283","473","170","18.6","20","863","635","49","56","46","54","23","114","85","3","8","4","10","4","12","10","681","403","319","263","99","295","676","381","386","90","296","438","1119","685","2111","413","61","0","0","2","11","54.3","25365","2268","7924","11997","5674","772","645","358","287","13991","72340","37072","666","481","142","549","322","421","16883","1455","600","590","26.5","99","216"
"2020/2021","West Ham",6,"38","19","8","11","62","47","+15","65","1.71","55.4","48.7","+6.7","+0.18","632","46","12725","16901","5888","6864","4948","6052","1470","2860","1282","15140","1687","398","15","109","775","741","167","92","60","1","74","357","238","464","158","16.1","17","823","576","92","37","56","53","9","106","73","12","1","13","7","0","4","2","514","280","269","195","50","224","573","349","405","124","281","437","951","779","2005","375","50","1","3","4","11","43.2","20810","2294","6638","9343","5060","761","542","298","244","10960","63334","30416","658","455","152","491","318","354","12606","1263","738","677","27.8","99","214"
"2020/2021","Tottenham",7,"38","18","7","12","68","45","+23","62","1.63","53.1","49.1","+4.0","+0.10","632","50","16508","20571","7801","8828","6561","7603","1393","2672","1330","18738","1788","524","28","147","526","750","168","117","37","0","45","361","257","438","167","18.0","35","786","553","55","56","49","56","17","120","86","6","13","8","6","1","5","5","636","361","313","244","79","277","683","406","434","147","287","342","978","795","1951","440","57","2","2","3","12","51.6","24670","2577","7991","11935","4997","700","715","403","312","13842","73058","37183","633","506","152","519","334","468","16404","1316","618","647","27.2","112","204"
"2020/2021","Arsenal",8,"38","18","6","13","55","39","+16","61","1.61","51.8","43.0","+8.8","+0.23","632","38","18041","21807","8319","9236","7770","8814","1453","2621","1760","20122","1624","440","34","133","751","663","207","86","64","12","61","311","325","453","140","17.7","23","813","623","44","49","45","46","6","95","69","2","8","6","8","2","6","6","456","252","206","184","66","212","547","335","368","113","255","351","807","643","1838","346","49","1","5","4","12","53.5","25431","2426","7970","11384","6240","910","535","296","239","15543","83237","45097","758","499","195","511","260","400","17924","1748","504","594","25.9","114","201"
"2020/2021","Leeds United",9,"38","18","14","15","62","54","+8","59","1.55","55.6","57.9","-2.2","-0.06","421","45","16284","20629","6970","7933","7130","8308","1631","3014","1633","18658","1895","467","27","205","786","809","229","115","78","1","76","364","349","518","193","16.9","9","924","701","73","45","63","31","11","108","81","6","8","8","5","0","4","4","740","417","378","279","83","310","769","459","406","149","257","397","1137","646","2160","432","61","0","1","2","12","57.3","24873","2750","9043","10345","5695","880","563","318","245","14066","80443","44866","811","491","158","667","319","410","16154","1625","538","605","26.1","107","209"
"2020/2021","Everton",10,"38","17","7","13","47","48","-1","59","1.55","45.7","50.1","-4.5","-0.12","368","32","14792","18696","6563","7438","6125","7073","1580","2924","1184","17021","1610","426","28","121","662","660","167","93","53","3","65","362","257","395","143","17.2","15","710","514","67","34","43","46","6","80","54","9","2","10","5","0","5","4","640","381","325","242","73","266","664","398","458","157","301","392","1032","847","2030","386","59","0","2","1","12","46.4","22845","2729","8235","10258","4585","643","591","362","229","12603","70612","36337","604","443","105","552","344","392","14706","1177","665","486","26.3","106","206"
"2020/2021","Aston Villa",11,"38","16","12","15","55","46","+9","55","1.45","52.5","51.1","+1.4","+0.04","526","38","12938","16996","5729","6654","5222","6209","1571","3074","1420","15003","1922","590","12","127","779","780","213","106","39","15","71","275","323","514","178","17.3","16","940","670","91","63","47","58","11","94","66","8","4","6","9","1","6","5","530","282","262","202","66","250","571","321","438","159","279","387","917","783","1906","439","71","4","4","1","15","48.5","21113","2577","6973","8614","5759","947","595","369","223","11291","60378","30659","629","463","226","579","337","553","12832","1403","728","665","25.2","91","229"
"2020/2021","Newcastle Utd",12,"38","12","11","17","46","62","-16","45","1.18","43.4","58.3","-14.9","-0.39","526","26","10839","14709","4828","5635","4197","5131","1387","2879","903","12864","1787","464","12","122","652","724","161","67","51","20","58","321","207","390","130","18.3","25","688","454","85","51","36","56","6","75","46","7","6","7","7","2","7","6","512","268","257","213","42","207","547","340","423","160","263","362","874","908","1770","388","65","2","3","3","7","38.8","18774","2524","7166","7894","3941","552","587","350","237","9605","51309","24707","467","376","114","519","297","420","10730","888","634","655","27.1","109","209"
"2020/2021","Wolves",13,"38","12","8","17","36","52","-16","45","1.18","36.5","49.5","-13.0","-0.34","237","21","15548","19225","6990","7796","6320","7342","1742","2944","1283","17437","1751","444","20","141","775","735","208","65","70","3","37","336","213","459","149","18.5","18","821","572","74","68","47","46","14","63","39","4","7","7","5","1","4","4","588","335","322","220","46","277","611","334","359","117","242","432","1020","727","1899","426","55","1","1","3","10","49.3","23259","2190","7246","11020","5206","694","779","468","311","13272","72908","38578","800","566","177","592","309","383","15405","1266","576","596","26.3","106","204"
"2020/2021","Crystal Palace",14,"38","12","7","18","41","66","-25","44","1.16","34.1","58.2","-24.2","-0.64","447","29","11627","15597","5889","6882","4127","5088","1131","2449","1132","13707","1823","473","8","47","533","772","151","67","29","27","67","351","232","345","127","17.6","18","618","433","54","52","23","46","10","70","49","5","6","3","5","2","4","3","636","366","329","234","73","283","620","337","447","138","309","396","1032","774","1923","409","56","1","2","0","8","40.6","19798","2193","6917","8697","4410","653","645","365","280","10226","56545","26885","526","388","151","596","402","436","11524","1113","685","658","29.1","95","208"
"2020/2021","Southampton",15,"38","12","6","19","47","68","-21","43","1.13","41.2","53.1","-11.8","-0.31","526","33","14928","19288","7587","8659","5629","6690","1099","2547","1195","17388","1824","496","16","87","554","809","177","82","79","8","76","343","261","418","157","18.6","20","728","513","63","42","47","51","12","83","49","8","6","7","11","2","6","5","727","419","335","325","67","341","731","390","439","95","344","401","1128","681","2010","428","52","0","3","1","9","52.0","23607","2302","7497","11566","4756","698","601","343","258","12535","66172","33536","626","517","126","638","386","421","14818","1190","527","713","26.6","101","215"
"2020/2021","Brighton",16,"38","9","11","15","40","46","-6","41","1.08","50.9","35.3","+15.6","+0.41","523","24","15772","19871","6694","7654","6893","7960","1689","3090","1516","18111","1708","404","17","164","686","769","219","71","107","2","52","313","358","478","134","17.4","15","847","628","75","34","55","42","13","63","47","6","1","4","5","0","9","6","628","334","297","251","80","252","603","351","417","97","320","425","1053","604","2040","428","49","2","6","2","12","51.1","23756","2489","7928","10231","5828","885","573","350","222","13491","73709","37608","685","468","131","549","306","357","15634","1495","531","574","25.8","108","208"
"2020/2021","Burnley",17,"38","10","12","19","33","55","-22","39","1.03","39.3","54.7","-15.4","-0.40","178","20","10825","15562","5117","6058","3688","4824","1553","3535","1012","13737","1745","461","10","110","772","721","172","154","5","1","80","263","292","381","124","17.4","15","666","471","71","28","36","51","9","52","32","6","4","3","5","2","3","3","507","293","241","203","63","229","564","335","440","180","260","416","923","824","2000","384","48","0","0","1","11","42.1","19391","2181","5794","9081","4683","699","403","234","170","9240","46385","20946","389","340","75","503","278","389","10755","1002","874","854","28.3","81","235"
"2020/2021","Fulham",18,"38","5","7","20","27","53","-26","28","0.74","40.5","52.6","-12.1","-0.32","211","18","15401","19512","6853","7837","6528","7611","1529","2866","1354","17703","1766","469","17","109","710","784","164","54","73","15","43","346","290","436","125","18.3","12","785","579","65","53","35","47","6","47","33","2","4","3","4","1","6","3","601","329","282","231","88","254","581","327","356","95","261","437","1038","794","2010","484","67","0","3","1","9","49.7","23810","2407","8063","10438","5567","728","795","506","289","13417","74354","37397","727","527","156","721","393","372","15290","1338","649","625","25.2","110","203"
"2020/2021","West Brom",19,"38","5","10","22","35","76","-41","26","0.68","35.8","67.9","-32.0","-0.84","283","20","9769","13978","4418","5278","3696","4783","1273","2924","1027","12147","1756","463","13","105","604","727","144","75","21","16","75","275","196","335","106","18.4","16","568","407","60","26","27","39","9","53","40","3","1","3","5","1","4","4","581","328","329","192","60","271","656","385","455","159","296","435","1016","876","1963","404","51","0","4","3","6","37.9","18247","2539","6670","7517","4237","578","505","264","241","8262","44861","21527","441","283","103","613","313","412","9668","1017","709","771","26.4","104","211"
"2020/2021","Sheffield Utd",20,"38","7","7","29","20","63","-43","23","0.61","32.6","62.2","-29.6","-0.78","263","13","12146","16264","6006","6905","4331","5303","1277","2840","1196","14542","1649","347","13","115","666","750","170","118","29","4","73","308","253","319","92","17.7","5","567","435","48","27","29","23","5","27","16","3","2","3","3","0","4","3","634","356","325","239","70","294","720","426","442","152","290","351","985","839","1802","459","73","0","3","3","5","41.7","20351","2314","6405","8599","5537","615","475","269","207","10178","54344","27029","491","398","104","536","323","293","12037","1183","718","798","26.7","103","198"
"2019/2020","Liverpool",1,"38","32","5","3","85","33","+52","99","2.61","68.9","37.7","+31.2","+0.82","41955","69","21276","25891","9557","10648","9007","10345","2038","3458","1941","23952","1886","440","68","283","896","879","257","63","125","2","53","343","477","586","224","16.5","20","1044","800","77","60","54","36","17","148","108","11","10","9","8","2","5","5","550","325","195","243","112","217","588","371","302","68","234","352","902","634","2194","331","38","0","1","1","15","62.9","29748","2077","7168","14888","7908","1193","658","387","271","20165","94607","50195","967","782","252","607","306","293","21151","1925","655","588","26.6","127","157"
"2019/2020","Manchester City",2,"38","26","6","9","102","35","+67","81","2.13","92.0","36.2","+55.7","+1.47","37097","69","24557","28190","11773","12714","9821","10885","2121","2963","2460","26549","1573","352","85","243","915","684","298","113","54","7","68","329","553","735","250","16.4","27","1356","1040","72","101","75","53","15","173","123","6","16","14","12","2","11","6","514","301","204","210","100","230","605","375","292","66","226","352","866","495","1959","362","64","2","4","1","17","66.2","31884","2009","6806","15609","9720","1473","721","487","235","23022","118327","66426","1199","964","377","456","341","296","24428","2453","515","498","26.9","120","166"
"2019/2020","Manchester Utd",3,"38","18","6","8","66","36","+30","66","1.74","62.2","37.7","+24.5","+0.64","57415","43","17744","21725","8697","9751","6891","7957","1555","2646","1788","19836","1833","466","64","171","635","822","204","86","63","11","56","381","341","530","201","19.1","33","978","766","50","62","36","56","8","112","86","4","7","2","12","1","14","10","579","333","267","231","81","254","634","380","360","99","261","379","958","703","2084","423","73","0","0","1","13","55.8","25838","2167","7222","11840","6993","878","747","446","301","14498","83016","46282","926","681","255","559","396","427","17632","1779","557","512","24.8","119","165"
"2019/2020","Chelsea",4,"38","20","14","12","69","54","+15","66","1.74","69.2","38.6","+30.6","+0.81","32023","46","20958","25213","9753","10903","8527","9698","1843","2989","1897","23308","1842","401","61","215","862","876","247","106","82","2","63","361","411","618","210","16.6","29","1121","847","86","57","64","52","15","123","86","6","10","9","10","2","7","7","638","362","304","258","76","246","604","358","361","91","270","459","1097","631","2210","386","60","0","0","3","9","60.4","29489","2281","8311","13996","7423","1063","718","460","258","18488","98638","51643","983","725","222","583","414","384","20848","1880","703","701","25.5","117","166"
"2019/2020","Leicester City",5,"38","18","10","12","67","41","+26","62","1.63","62.2","45.5","+16.7","+0.44","25312","48","17600","21800","8018","9016","7415","8600","1655","2913","1612","19817","1919","495","68","126","779","883","221","70","100","7","64","368","313","533","183","17.4","20","969","707","73","75","48","56","10","116","91","3","11","4","5","2","7","5","742","432","347","320","75","298","725","427","420","92","328","423","1165","767","2104","418","43","1","3","2","13","57.1","26247","2187","7814","12226","6415","925","688","377","311","16018","77180","39583","739","561","223","602","328","444","17485","1601","659","674","26.1","112","172"
"2019/2020","Tottenham",6,"38","16","8","11","61","47","+14","59","1.55","47.9","54.2","-6.3","-0.17","43757","39","16101","20296","7859","8877","6303","7463","1350","2655","1410","18404","1826","464","79","113","641","785","200","116","51","1","66","344","283","440","154","18.4","21","779","589","43","54","37","38","18","94","62","3","13","10","4","2","4","3","665","415","331","281","53","253","681","428","441","148","293","381","1046","894","2022","423","84","1","3","2","8","52.0","24729","2568","7603","11826","5549","710","747","449","297","15489","76394","39387","768","573","182","577","437","424","15997","1398","642","671","26.7","113","171"
"2019/2020","Wolves",7,"38","15","7","9","51","40","+11","59","1.55","54.1","38.0","+16.1","+0.42","24758","34","14298","18474","5979","6942","5777","6928","1985","3308","1338","16650","1775","405","40","203","718","816","193","55","80","0","49","323","223","457","142","17.4","13","801","541","70","79","47","46","18","83","53","6","9","8","7","0","4","4","646","367","358","227","61","281","685","404","378","109","269","437","1083","702","2113","407","61","2","2","1","13","48.3","22660","1987","6969","10797","5105","779","817","509","308","11543","66813","36391","858","559","229","540","338","360","14176","1320","775","711","26.6","97","187"
"2019/2020","Arsenal",8,"38","14","6","10","56","48","+8","56","1.47","47.0","55.3","-8.3","-0.22","47589","35","16634","20410","7259","8103","7300","8331","1596","2772","1641","18463","1874","487","67","153","699","756","231","96","71","3","73","320","311","403","146","16.4","19","709","501","59","52","48","33","16","85","57","5","4","9","4","6","3","3","584","336","296","217","71","249","612","363","398","141","257","351","935","754","1861","421","88","1","5","0","10","53.8","24424","2737","8368","10648","5628","821","697","411","286","14410","85069","46708","815","534","209","547","370","437","16527","1630","501","589","25.8","123","163"
"2019/2020","Sheffield Utd",9,"38","14","14","12","39","39","0","54","1.42","43.0","51.0","-7.9","-0.21","24370","25","12125","16858","5714","6687","4480","5657","1579","3404","1352","14962","1818","375","15","206","866","882","212","150","18","18","78","341","282","352","109","15.2","4","630","457","62","44","38","23","6","63","47","3","6","6","1","0","1","1","611","377","304","229","78","261","646","385","336","106","230","420","1031","931","2041","412","63","1","2","0","13","43.1","21000","2180","6190","8918","6070","733","535","346","187","9508","48303","23773","493","375","116","519","292","306","12015","1334","946","886","26.9","110","171"
"2019/2020","Burnley",10,"38","15","7","14","43","50","-7","54","1.42","47.4","49.8","-2.4","-0.06","15995","30","10049","14694","4700","5595","3686","4854","1295","3221","890","12767","1838","408","29","99","743","868","170","158","1","0","89","287","217","384","124","16.4","18","667","459","83","27","44","45","9","71","47","10","4","6","3","1","3","3","547","344","238","241","68","240","585","345","450","175","275","387","934","901","1860","412","67","0","0","1","15","41.9","18827","2224","5596","8993","4410","617","454","246","208","8828","46545","21653","437","352","71","509","291","369","9969","882","937","917","28.0","74","206"
"2019/2020","Southampton",11,"38","15","12","16","51","60","-9","52","1.37","56.1","52.8","+3.3","+0.09","23428","32","12488","17468","5869","7035","5027","6478","1240","2921","1335","15450","1960","448","27","133","690","950","210","106","87","5","58","331","282","494","171","17.8","27","843","560","74","70","53","60","26","77","41","3","15","8","7","3","5","2","706","416","325","287","94","324","793","469","488","124","364","425","1131","867","2150","450","55","1","4","1","9","48.9","22200","2123","6196","10753","5497","811","680","423","257","10579","58592","29795","628","459","182","654","362","388","12363","1308","810","878","25.9","111","171"
"2019/2020","Everton",12,"38","13","11","15","44","56","-12","49","1.29","50.8","48.3","+2.5","+0.07","28848","32","13433","17736","5670","6722","5545","6642","1728","3126","1430","15790","1888","463","55","165","804","853","203","105","80","2","58","362","288","468","159","16.4","20","805","536","86","47","69","51","16","67","47","4","4","9","3","0","1","1","671","408","328","262","81","282","672","390","372","111","261","408","1079","778","1966","472","76","3","3","3","9","49.0","22035","2514","7389","9561","5301","838","609","374","235","12432","65428","32588","623","502","146","593","345","394","13344","1421","860","835","25.5","120","164"
"2019/2020","Newcastle Utd",13,"38","11","8","16","38","58","-20","44","1.16","35.5","65.6","-30.1","-0.79","35551","29","10606","14566","4963","5792","3781","4800","1351","2818","844","12726","1765","463","18","151","591","715","151","68","45","13","75","304","181","398","132","19.1","14","705","491","75","55","38","37","9","62","41","6","4","6","4","1","1","0","603","357","364","198","41","273","632","359","402","152","250","391","994","988","1871","370","66","0","3","2","11","39.0","18910","2401","7096","8182","3875","542","674","400","274","9916","54616","27300","537","426","138","594","288","423","10525","826","733","781","26.5","118","166"
"2019/2020","Crystal Palace",14,"38","11","7","17","31","50","-19","43","1.13","35.8","57.0","-21.2","-0.56","19784","20","12274","16395","5857","6822","4679","5712","1307","2747","1223","14377","1965","501","19","79","588","886","177","93","32","36","53","318","243","373","115","17.0","15","643","427","68","57","36","46","9","53","37","3","4","4","5","0","3","3","686","390","367","244","75","316","711","395","399","135","264","444","1130","856","1915","424","62","0","2","2","10","44.8","20928","2377","7276","9017","4876","793","698","432","266","10305","58519","29301","596","428","198","611","479","479","12187","1208","771","776","29.4","98","185"
"2019/2020","Brighton",15,"38","9","6","15","39","54","-15","41","1.08","45.4","55.0","-9.5","-0.25","22369","24","15881","20056","6755","7803","7139","8265","1701","3003","1675","18194","1791","394","34","200","689","853","178","78","78","0","71","365","294","460","139","17.6","11","804","599","73","39","48","40","5","65","44","9","5","2","5","0","2","1","641","379","295","269","77","245","642","397","437","137","300","419","1060","750","2065","386","59","1","2","2","9","52.2","24387","2721","8174","10724","5693","770","584","335","249","13074","73950","37898","669","502","165","626","399","325","15782","1661","690","577","26.4","128","155"
"2019/2020","West Ham",16,"38","10","11","19","49","62","-13","39","1.03","48.6","63.8","-15.2","-0.40","44155","36","12451","16861","6048","7124","4538","5680","1515","2997","1377","14967","1828","432","38","156","737","815","190","111","54","6","66","358","244","413","156","16.4","13","735","514","78","42","42","47","12","89","62","7","5","7","8","0","4","4","696","417","374","263","59","300","745","445","383","117","266","421","1117","789","2052","387","64","1","1","3","7","44.1","20992","2159","6259","9681","5265","746","663","397","264","11154","62359","30132","666","485","168","496","322","345","12348","1370","855","801","27.4","107","177"
"2019/2020","Aston Villa",17,"38","9","12","21","41","67","-26","35","0.92","44.3","67.8","-23.5","-0.62","28505","32","11652","15672","5074","5895","4810","5882","1480","3002","1247","13604","2006","562","17","153","798","797","200","109","34","8","62","307","270","453","147","17.5","21","828","599","88","42","36","56","7","72","48","8","5","4","7","0","3","1","523","291","285","174","64","223","597","374","456","184","272","423","946","928","1900","451","70","1","1","1","7","44.1","19977","2658","7038","8203","4969","695","569","352","217","10317","61373","31557","639","476","139","546","313","525","11546","1229","705","742","25.7","113","173"
"2019/2020","Bournemouth",18,"38","9","7","22","40","65","-25","34","0.89","44.8","62.3","-17.5","-0.46","7745","24","12042","16387","5798","6832","4689","5821","1231","2655","1256","14488","1832","450","28","92","646","790","194","104","57","0","67","390","227","385","117","17.3","21","669","472","69","34","39","47","8","63","36","6","7","8","6","0","4","4","507","299","254","206","47","207","567","360","439","160","279","475","982","1008","1979","369","78","2","3","0","5","44.1","20872","2556","7472","8683","4916","717","602","325","277","12070","62723","31212","601","424","136","571","384","388","11946","1238","792","835","25.2","108","176"
"2019/2020","Watford",19,"38","8","10","20","36","64","-28","34","0.89","48.9","58.1","-9.3","-0.24","15353","21","11230","15775","5578","6640","3901","5075","1244","2868","1168","13907","1800","398","11","134","684","838","167","92","49","2","68","285","253","416","112","17.3","18","725","498","69","45","42","56","15","58","34","6","3","4","8","3","8","7","657","369","347","249","61","267","713","446","396","135","261","424","1081","869","1996","481","80","2","3","3","9","42.9","20081","2134","6250","8911","5148","805","576","321","254","10429","54446","27529","578","446","162","549","348","342","11126","1152","823","802","28.9","113","171"
"2019/2020","Norwich City",20,"38","5","7","27","26","75","-49","21","0.55","37.0","66.5","-29.5","-0.78","19913","18","14965","18869","7717","8664","5301","6196","1336","2696","1169","16961","1858","461","47","124","473","773","162","75","77","2","50","373","210","407","126","18.0","16","717","522","56","47","47","35","10","43","34","2","2","2","1","2","2","2","628","379","359","210","59","267","700","433","453","171","282","397","1025","959","1989","363","68","0","3","3","5","49.3","23409","3125","9058","9868","4701","661","706","427","278","14090","74844","38544","673","476","177","591","405","430","14835","1159","518","673","26.0","126","157"
"2018/2019","Manchester City",1,"38","32","5","4","95","23","+72","98","2.58","84.3","24.7","+59.6","+1.57","54130","71","24678","28389","12249","13188","9318","10379","1907","2834","2429","26660","1631","344","112","226","783","739","298","85","121","1","98","384","554","679","252","16.9","21","1216","927","71","92","71","44","11","168","139","6","9","5","8","1","4","3","518","327","214","215","89","193","467","274","319","63","256","362","880","570","2000","328","44","0","1","0","20","67.9","32238","1825","6098","16583","9800","1458","734","437","296","22457","118990","68197","1325","1017","366","509","393","301","24519","2412","540","522","26.7","108","158"
"2018/2019","Liverpool",2,"38","30","6","1","89","22","+67","97","2.55","73.7","28.8","+44.9","+1.18","52983","55","21146","25571","9634","10759","8817","10042","1982","3284","2008","23583","1911","463","98","185","721","923","249","82","102","5","77","394","495","568","211","17.0","20","1013","747","74","77","56","45","14","149","104","10","14","10","10","1","7","7","613","377","257","280","76","251","556","305","361","78","283","314","927","670","2111","315","39","2","2","0","21","61.8","29528","1938","6900","15347","7500","1124","619","356","263","19312","91672","48858","857","765","221","603","424","347","21029","1988","593","587","26.1","109","157"
"2018/2019","Chelsea",3,"38","21","6","8","63","39","+24","72","1.89","58.6","36.4","+22.2","+0.58","40437","52","22960","26774","12272","13378","7956","8992","1700","2561","2155","24894","1797","471","146","216","692","762","215","74","86","19","83","434","415","602","192","17.8","30","1131","892","58","61","45","54","21","114","82","5","13","7","6","1","5","5","618","365","280","245","93","241","541","300","357","73","284","353","971","645","2171","339","49","0","0","0","16","62.9","30774","2105","7613","14434","8968","1029","703","449","253","18388","103404","58308","1058","897","251","512","458","424","22820","2135","523","504","27.3","113","153"
"2018/2019","Tottenham",4,"38","23","14","13","67","39","+28","71","1.87","54.9","47.1","+7.8","+0.20","54216","47","18808","23056","8731","9745","7694","8904","1810","3083","1744","21115","1867","457","87","136","643","851","194","54","81","5","74","445","364","533","182","18.1","23","937","676","81","62","55","46","17","115","81","9","6","11","7","1","4","4","627","373","310","237","80","268","577","309","415","112","303","325","952","823","2107","376","57","1","3","3","13","59.0","27311","2487","7711","13441","6402","884","672","370","302","17170","84748","44019","840","684","205","603","349","364","18666","1727","599","611","26.8","106","160"
"2018/2019","Arsenal",5,"38","21","10","10","73","51","+22","70","1.84","60.1","54.2","+5.9","+0.15","59899","52","18425","22549","8573","9619","7384","8450","1716","2882","1874","20518","1942","543","65","152","605","823","209","59","65","2","89","453","417","462","159","16.7","11","831","655","58","50","34","22","12","116","91","6","5","6","7","1","5","4","609","366","294","236","79","228","535","307","424","118","306","412","1021","798","2000","412","73","1","2","1","8","58.1","26670","2457","7996","12381","6492","984","536","304","232","14889","82855","44451","868","591","203","564","409","455","18303","1869","555","637","26.7","113","153"
"2018/2019","Manchester Utd",6,"38","19","8","10","65","54","+11","66","1.74","61.4","50.6","+10.8","+0.29","74498","40","16834","20942","7987","8945","6247","7334","1704","2961","1668","18934","1918","435","63","207","638","859","200","78","70","20","90","373","339","514","210","18.7","27","957","730","61","54","53","52","7","118","81","4","12","10","10","1","12","9","581","347","280","239","62","240","544","304","445","128","317","355","936","847","1969","433","75","2","4","3","7","54.7","25095","2262","6748","12550","5992","893","553","321","231","13180","70206","39118","801","594","215","528","424","397","16742","1662","687","550","26.3","112","154"
"2018/2019","Wolves",7,"38","16","7","13","47","46","+1","57","1.50","52.1","42.1","+10.1","+0.26","31030","35","13961","18261","5966","6900","5519","6661","1884","3353","1350","16415","1773","361","51","194","622","843","195","63","87","3","73","394","242","473","144","17.7","12","828","605","69","53","48","40","13","82","58","6","4","6","8","0","4","4","720","408","385","284","51","283","664","381","499","148","351","501","1221","895","2239","409","73","0","1","4","9","46.8","22684","2093","6742","11104","5061","705","596","331","264","11225","63786","34764","743","494","192","498","401","325","13845","1335","803","788","26.1","110","156"
"2018/2019","Everton",8,"38","15","6","14","54","46","+8","54","1.42","49.7","45.7","+4.0","+0.10","39043","34","13878","18477","6427","7566","5206","6428","1589","3045","1581","16376","2032","495","44","140","814","947","215","79","114","4","69","416","298","493","163","16.9","20","845","573","88","57","61","56","10","93","65","5","8","12","3","0","5","2","699","441","326","290","83","220","511","291","414","85","329","453","1152","877","2157","432","56","1","4","2","14","51.5","23015","2175","6887","10485","5873","856","587","328","258","12685","66255","34030","697","522","166","693","469","418","13764","1566","872","877","25.7","111","155"
"2018/2019","Leicester City",9,"38","15","14","16","51","48","+3","52","1.37","52.4","43.7","+8.7","+0.23","31851","34","14640","19068","6805","7883","5513","6788","1752","3120","1537","17065","1931","453","88","186","779","872","210","82","86","14","72","395","264","508","173","18.6","19","898","625","87","64","56","50","16","85","59","3","7","7","9","0","7","5","675","393","344","277","54","237","549","312","429","96","333","438","1113","1034","2087","351","60","3","5","0","10","50.9","23657","2242","7084","10997","5824","804","664","392","272","13747","72168","38343","752","572","197","582","357","378","14553","1530","811","679","25.9","111","155"
"2018/2019","West Ham",10,"38","15","7","16","52","55","-3","52","1.37","47.6","61.9","-14.3","-0.38","58336","33","13847","18038","6655","7661","4834","5923","1640","2995","1478","16053","1914","501","75","161","631","824","188","86","82","4","71","416","266","436","149","17.2","17","772","545","77","43","54","36","17","88","60","5","7","10","5","1","5","5","723","393","385","279","59","295","697","402","488","142","346","457","1180","926","2104","331","59","0","1","1","7","48.6","22541","2350","6338","11093","5350","782","668","389","279","11634","67597","34846","731","542","189","552","390","388","13762","1471","636","620","27.6","113","152"
"2018/2019","Watford",11,"38","14","12","16","52","59","-7","50","1.32","48.2","59.2","-11.0","-0.29","20016","39","12550","16974","6240","7278","4322","5450","1370","2902","1294","15065","1820","483","32","117","570","755","177","84","55","0","89","348","291","436","148","17.3","22","724","523","56","46","42","46","11","83","48","8","15","6","4","2","1","1","656","391","350","243","63","257","622","365","404","120","284","428","1084","1022","2021","433","79","1","4","3","7","46.7","21508","2252","6504","9887","5303","845","543","292","251","11747","56181","28366","588","434","191","586","418","382","12440","1273","753","797","28.5","103","163"
"2018/2019","Crystal Palace",12,"38","14","11","17","51","53","-2","49","1.29","47.6","50.1","-2.5","-0.07","25455","33","12697","16870","6129","7072","4802","5866","1371","2862","1458","14898","1894","435","26","101","577","816","205","89","30","62","78","367","275","482","135","18.4","16","860","606","72","55","63","50","14","86","51","6","7","8","13","1","11","10","733","446","398","270","65","281","590","309","441","141","300","445","1178","1011","1996","386","58","1","2","1","12","45.2","21679","2323","7079","9743","5112","889","667","377","290","10553","62673","32736","771","496","227","576","473","391","12599","1448","680","706","27.4","92","174"
"2018/2019","Newcastle Utd",13,"38","12","8","17","42","48","-6","45","1.18","39.1","53.6","-14.5","-0.38","51121","33","10774","15231","4812","5773","3758","4863","1584","3269","985","13359","1813","389","50","217","711","835","181","73","71","11","59","353","255","443","136","18.8","16","784","571","77","33","43","42","18","68","46","5","4","10","2","1","3","1","711","433","356","291","64","241","565","324","472","135","337","506","1217","1204","2034","423","57","0","2","1","11","40.4","20048","2360","7025","8767","4458","641","444","236","207","8749","46542","23595","467","410","95","590","400","332","10705","976","785","914","26.9","99","167"
"2018/2019","Bournemouth",14,"38","13","7","19","56","70","-14","45","1.18","53.3","57.2","-3.9","-0.10","10532","43","13505","17650","6643","7752","5284","6436","1261","2489","1435","15632","1961","512","57","84","613","832","191","74","58","2","57","435","330","437","153","17.4","16","788","558","83","46","39","47","15","99","64","9","8","6","9","3","9","7","525","299","285","185","55","216","494","278","405","152","253","371","896","1098","1910","340","60","0","1","3","10","46.9","22079","2437","7561","9507","5257","847","578","291","287","13210","69260","36536","738","532","172","565","356","441","13405","1422","701","736","26.6","104","162"
"2018/2019","Burnley",15,"38","11","6","20","45","68","-23","40","1.05","44.4","62.1","-17.7","-0.47","20534","32","10134","14793","4537","5520","3643","4790","1595","3463","1032","12804","1883","395","35","108","692","891","139","98","22","9","106","327","239","358","112","15.8","14","624","417","81","14","55","52","5","69","45","8","0","13","3","0","2","2","584","311","280","246","58","237","539","302","516","222","294","367","951","1156","1955","360","75","0","1","4","8","41.2","19189","2542","6104","8875","4395","634","370","207","163","7936","43013","21370","421","336","72","525","314","356","10031","1020","1016","1025","28.0","86","180"
"2018/2019","Southampton",16,"38","9","11","17","45","65","-20","39","1.03","46.9","55.1","-8.2","-0.22","30139","27","11463","15930","5615","6610","4317","5535","1241","2873","1333","14072","1797","409","35","139","666","805","193","97","63","22","61","349","260","479","155","18.9","20","819","565","73","49","62","47","23","77","54","3","3","6","7","4","5","4","698","428","335","283","80","277","646","369","533","153","380","549","1247","1128","2053","420","73","2","3","3","7","43.4","20812","2150","5984","9949","5087","709","508","287","221","9653","54428","27555","603","444","155","539","380","341","11354","1313","767","873","25.4","107","159"
"2018/2019","Brighton",17,"38","9","12","20","35","60","-25","36","0.95","35.3","59.1","-23.8","-0.63","30426","24","11491","15824","5120","6084","4413","5549","1639","3202","1150","13912","1822","330","15","188","636","880","156","90","44","4","90","342","223","364","99","17.9","12","647","427","87","40","35","45","13","55","29","9","1","7","8","1","6","5","679","391","363","238","78","264","582","318","415","170","245","463","1142","1001","1979","463","61","1","4","0","7","42.4","20254","2464","7030","9055","4366","581","516","269","247","10122","54122","26537","475","374","98","590","336","301","11393","1138","824","780","27.4","99","167"
"2018/2019","Cardiff City",18,"38","10","7","24","34","69","-35","34","0.89","42.4","61.5","-19.1","-0.50","31408","20","7170","11715","3143","4097","2540","3622","1160","2987","918","9823","1815","423","39","60","562","799","168","102","35","19","77","313","175","413","113","17.7","13","693","457","96","32","57","47","4","50","32","4","3","9","2","0","4","3","655","375","357","234","64","241","607","366","490","147","343","529","1184","1034","1975","374","66","0","1","0","10","35.4","16261","2228","5452","6544","4470","713","475","260","214","6221","39405","19337","434","310","135","519","332","390","7078","902","966","966","27.7","109","157"
"2018/2019","Fulham",19,"38","7","10","26","34","81","-47","26","0.68","41.3","68.2","-26.8","-0.71","24371","24","15096","19303","7060","7958","6054","7206","1538","3015","1487","17396","1817","412","33","145","611","769","161","57","62","7","90","339","233","451","140","19.0","10","814","601","73","47","56","28","9","59","42","3","6","5","3","0","3","2","596","362","310","231","55","224","524","300","425","144","281","434","1030","1030","2072","423","70","2","2","2","5","48.8","23757","2587","7287","11921","4743","592","566","352","214","10604","61784","30746","628","461","117","594","486","342","14992","1471","742","718","26.0","108","158"
"2018/2019","Huddersfield",20,"38","3","7","28","22","76","-54","16","0.42","28.8","60.9","-32.2","-0.85","23203","13","13045","17777","6045","7200","4765","6029","1792","3398","1248","15783","1931","444","22","130","768","930","162","80","55","11","63","418","208","400","116","19.1","15","683","487","74","27","43","37","15","33","23","4","0","3","3","0","1","1","708","425","323","315","70","263","625","362","496","130","366","531","1239","682","2063","420","56","1","4","1","5","47.2","21977","2079","6878","10026","5306","600","443","230","213","10888","56003","26785","601","496","108","567","399","370","12938","1233","844","807","26.2","107","159"
"2017/2018","Manchester City",1,"38","32","5","2","106","27","+79","100","2.63","78.6","23.8","+54.8","+1.44","54070","85","26164","29961","13122","14165","10259","11378","1810","2720","2570","28178","1716","418","118","213","691","779","284","17","141","2","67","404","525","656","254","17.8","30","1209","943","73","76","52","52","13","193","150","8","16","7","10","2","8","6","563","381","257","215","91","195","561","366","328","53","275","346","909","620","2104","344","62","2","1","2","18","71.0","33628","1767","6970","17205","9719","1255","732","503","228","21785","117099","66804","1308","973","331","553","406","354","26023","2550","512","418","26.4","106","158"
"2017/2018","Manchester Utd",2,"38","25","6","7","68","28","+40","81","2.13","55.7","40.7","+15.0","+0.40","74976","53","17765","21865","8463","9383","6387","7424","1751","3131","1564","19929","1848","456","85","176","753","809","220","111","65","1","88","398","357","509","170","18.4","21","916","699","54","69","45","38","11","117","81","6","12","12","5","1","3","1","564","369","275","218","71","173","555","382","382","112","270","481","1045","926","2133","405","57","0","2","2","19","54.7","25907","2212","6985","12031","7107","895","736","466","270","14201","79919","43760","920","695","217","512","399","422","17639","1547","617","493","26.7","111","155"
"2017/2018","Tottenham",3,"38","23","6","7","74","36","+38","77","2.03","64.7","33.9","+30.8","+0.81","67953","51","19284","23695","7604","8618","9105","10458","2278","3694","2249","21612","1995","483","83","196","825","948","246","95","89","7","88","437","394","620","209","18.4","28","1092","811","75","68","72","51","15","114","81","7","8","11","7","0","3","2","618","399","272","259","87","212","537","325","360","74","286","380","998","878","2142","384","50","1","2","1","16","61.8","27821","2080","7157","13466","7466","949","719","436","281","14767","80757","42259","862","642","180","534","460","394","19147","2228","605","583","25.8","108","157"
"2017/2018","Liverpool",4,"38","21","14","5","84","38","+46","75","1.97","72.9","33.8","+39.1","+1.03","53049","58","20367","24900","8322","9359","9546","10936","1998","3478","2236","23034","1796","391","106","146","764","896","230","122","69","1","70","382","464","635","226","17.7","22","1139","859","71","98","58","36","17","144","98","5","27","8","5","1","3","2","637","450","265","285","87","196","521","325","388","71","317","379","1016","788","2258","344","65","0","0","0","17","60.3","28759","1843","6993","14748","7291","1064","652","440","210","16418","88873","48496","982","690","235","574","447","305","20236","2218","585","650","25.6","111","155"
"2017/2018","Chelsea",5,"38","21","10","10","62","38","+24","70","1.84","54.4","33.8","+20.6","+0.54","41282","42","18967","23101","8564","9566","7753","8910","1892","3091","1998","21232","1761","445","69","203","755","748","230","54","76","7","108","405","398","603","210","17.9","20","1114","838","83","81","54","46","12","110","84","7","8","3","8","0","3","3","636","426","321","251","64","208","550","342","365","107","258","424","1060","842","2233","363","62","2","3","2","16","55.6","27165","2307","8084","12055","7334","988","734","513","221","16479","93989","51657","1045","699","238","533","414","405","18823","1969","602","506","26.7","109","157"
"2017/2018","Arsenal",6,"38","19","8","13","74","51","+23","63","1.66","68.3","47.8","+20.5","+0.54","59323","61","20878","25193","9800","10957","8683","9926","1749","2912","2223","23347","1757","432","117","151","572","758","225","132","49","4","89","413","478","589","223","17.9","30","1079","830","53","70","65","53","8","131","95","8","7","12","7","2","5","4","623","425","312","227","84","218","581","363","372","103","269","427","1050","879","2148","383","73","0","2","0","13","61.4","29146","2201","7494","13560","8306","1104","547","383","164","18631","95357","50346","915","805","214","540","412","377","20745","2210","630","660","26.8","101","165"
"2017/2018","Burnley",7,"38","14","7","12","36","39","-3","54","1.42","32.3","51.2","-18.9","-0.50","20688","26","10524","15340","4349","5306","4168","5417","1695","3719","1103","13382","1858","463","19","107","707","822","167","69","66","14","100","313","213","378","126","17.0","16","664","441","88","36","43","48","8","58","37","4","4","11","2","0","0","0","533","355","272","217","44","204","553","349","457","191","266","400","933","1300","1875","350","72","0","0","1","12","43.7","19452","2376","6334","8960","4332","589","345","218","127","8853","45635","22260","431","329","88","489","345","422","10419","1090","912","967","27.5","83","183"
"2017/2018","Everton",8,"38","13","6","15","44","58","-14","49","1.29","40.5","52.4","-11.9","-0.31","38797","26","11953","16472","5380","6360","4511","5598","1579","3385","1161","14537","1853","417","25","114","629","850","150","70","62","7","82","397","211","351","110","17.6","8","629","454","59","31","31","42","12","71","41","4","8","9","5","4","8","5","644","447","360","206","78","223","612","389","426","160","266","514","1158","1308","2046","460","52","2","5","0","10","45.5","20994","2427","7086","9205","4900","608","461","264","197","10177","52954","26650","477","352","105","616","381","364","11850","1152","760","852","26.7","114","152"
"2017/2018","Leicester City",9,"38","12","14","15","56","60","-4","47","1.24","50.0","48.1","+1.9","+0.05","31583","38","12357","17124","5532","6632","4543","5830","1720","3430","1271","15046","1986","424","63","170","744","954","203","137","28","0","92","370","225","417","137","17.6","11","731","495","83","63","45","38","7","94","68","8","6","5","7","0","6","5","630","417","332","249","49","208","616","408","465","130","335","414","1044","1007","2154","364","59","4","2","2","9","48.0","21322","2209","6497","10115","4964","673","718","422","294","10418","64343","32440","655","471","151","516","358","357","12216","1251","787","752","27.2","107","159"
"2017/2018","Newcastle Utd",10,"38","12","7","18","39","47","-8","44","1.16","41.6","52.4","-10.8","-0.28","51992","29","11071","15659","5153","6161","4100","5358","1385","3119","1145","13725","1871","444","67","114","616","837","167","75","58","8","63","355","220","450","146","19.2","21","781","561","72","45","44","39","20","63","43","7","2","10","1","0","1","0","645","426","338","255","52","221","638","417","475","117","358","441","1086","1219","2021","409","51","1","3","3","9","41.7","20180","2275","6899","8975","4531","601","535","304","230","9949","52745","27557","548","436","121","523","410","369","10963","1134","884","927","25.6","112","154"
"2017/2018","Crystal Palace",11,"38","11","12","16","45","55","-10","44","1.16","53.5","48.2","+5.2","+0.14","25063","26","11809","16114","5714","6694","4344","5524","1358","2967","1308","14109","1949","456","30","83","703","874","210","85","37","68","56","361","273","466","134","17.8","20","834","528","83","90","56","60","17","78","50","3","7","9","9","0","10","8","686","447","393","237","56","260","666","406","466","117","349","552","1238","1110","2156","425","63","0","2","2","9","45.2","20777","2192","6612","9120","5293","811","718","479","239","11461","62001","31023","727","526","213","618","482","404","11715","1297","752","708","27.1","73","191"
"2017/2018","Bournemouth",12,"38","11","11","16","45","61","-16","44","1.16","38.8","59.2","-20.4","-0.54","10641","36","13450","17962","5626","6838","5928","7241","1638","3176","1526","15874","2036","534","37","112","707","857","218","104","65","1","52","412","291","462","153","18.3","15","809","582","78","53","42","39","15","83","53","8","5","8","7","2","3","3","509","324","272","187","50","198","525","327","453","160","293","367","876","1129","1956","339","73","1","1","1","6","48.1","22240","2420","7636","9472","5366","780","638","343","291","11197","66091","33018","702","474","169","564","419","411","13346","1505","698","750","26.9","109","157"
"2017/2018","West Ham",13,"38","10","8","16","48","68","-20","42","1.11","36.7","55.1","-18.4","-0.48","56885","29","11779","16197","5113","6041","4678","5850","1633","3407","1179","14112","1988","482","51","134","733","900","161","98","37","5","97","396","233","368","127","18.2","17","657","457","64","57","23","49","7","79","51","5","9","7","5","2","4","2","621","410","327","238","56","235","620","385","437","154","283","482","1103","1085","2017","379","44","1","1","1","10","45.2","20454","2265","6198","9854","4647","591","642","423","218","10086","60796","27961","523","438","106","503","389","450","11655","1162","743","771","28.0","97","167"
"2017/2018","Watford",14,"38","11","7","19","44","64","-20","41","1.08","45.0","51.8","-6.8","-0.18","20231","27","12758","17513","6170","7329","4621","5948","1528","3090","1455","15484","1955","484","27","138","713","926","183","92","62","2","74","438","285","434","126","17.9","10","766","526","73","60","47","40","20","69","41","5","8","10","5","0","6","3","668","432","337","263","68","237","609","372","359","98","261","467","1135","997","2105","441","42","1","4","1","9","49.7","21692","2087","6318","10225","5377","783","565","332","233","11811","58427","29594","647","479","162","547","410","381","12635","1429","841","883","27.9","111","155"
"2017/2018","Brighton",15,"38","9","6","16","34","54","-20","40","1.05","37.0","50.8","-13.8","-0.36","30403","25","11838","16372","4898","5881","4601","5764","1872","3610","1230","14549","1725","322","32","203","680","797","163","89","59","5","98","355","193","377","110","18.3","4","684","489","73","46","37","31","8","60","43","3","4","4","6","0","7","5","599","380","360","205","34","205","642","437","430","190","240","449","1048","1182","2122","413","63","0","4","5","10","43.7","20478","2530","7473","8781","4463","594","487","299","188","10099","57499","29182","523","375","113","496","296","277","11749","1216","796","777","27.5","101","165"
"2017/2018","Huddersfield",16,"38","9","11","19","28","58","-30","37","0.97","31.3","48.5","-17.2","-0.45","24040","19","12036","16822","5283","6357","4787","6127","1549","3270","1210","14785","1970","478","26","82","765","927","165","101","32","6","67","415","180","360","106","18.8","14","621","443","52","39","35","36","16","45","29","4","6","3","3","0","2","2","743","502","354","306","83","249","630","381","453","118","335","518","1261","1129","2141","397","64","2","1","1","10","45.7","21340","2267","7032","9501","5064","533","491","276","215","10213","60650","29381","627","495","127","546","416","363","11895","1189","788","800","26.4","112","154"
"2017/2018","Southampton",17,"38","7","12","16","37","56","-19","36","0.95","39.9","45.2","-5.3","-0.14","30794","23","14336","19027","6923","7931","5463","6720","1497","3220","1609","17044","1910","423","56","169","800","862","227","130","65","7","73","423","288","447","136","18.1","11","799","590","71","54","42","32","10","65","40","5","9","6","5","0","3","3","658","454","342","250","66","244","605","361","455","128","327","462","1120","1034","2222","416","54","1","2","0","8","51.3","23169","2056","6325","11460","5644","700","531","379","151","13356","68599","36430","694","517","137","495","379","377","14215","1592","687","821","26.2","113","153"
"2017/2018","Swansea City",18,"38","8","7","21","28","56","-28","33","0.87","31.6","58.6","-27.0","-0.71","20623","20","13223","17437","5802","6660","5291","6513","1760","3374","1194","15500","1899","472","23","141","694","825","150","99","36","2","38","347","190","338","95","18.2","15","581","395","57","48","37","33","11","40","23","7","1","6","1","2","1","1","610","417","286","241","83","221","550","329","411","124","287","390","1000","1019","1877","377","55","0","1","2","9","45.3","21278","2441","7047","9908","4554","536","523","318","205","10613","62008","31717","596","451","111","503","439","400","13108","1174","687","769","27.2","109","157"
"2017/2018","Stoke City",19,"38","7","10","19","35","68","-33","33","0.87","36.5","62.5","-26.0","-0.69","29280","28","10122","14569","4435","5386","3825","5023","1514","3194","1150","12544","1938","460","33","111","598","875","136","73","46","11","87","320","230","380","122","18.1","11","669","463","69","41","44","41","11","62","39","8","4","7","3","1","3","0","678","437","370","252","56","228","600","372","424","142","282","461","1139","1265","1832","436","52","0","2","2","6","41.4","18935","2513","6385","8544","4268","596","507","325","182","9409","51906","25144","477","403","108","532","403","375","9994","1123","974","774","27.5","92","174"
"2017/2018","West Brom",20,"38","6","7","19","31","56","-25","31","0.82","36.5","47.9","-11.4","-0.30","24520","24","10495","15004","4694","5597","3898","5098","1590","3408","1106","13059","1866","394","34","96","784","855","176","122","32","11","79","348","228","377","111","17.7","15","649","449","78","40","33","38","11","51","35","6","4","3","3","0","1","1","603","385","336","204","63","218","625","407","420","148","272","470","1073","1087","2094","440","51","0","1","2","10","40.7","19184","2302","6698","8221","4468","586","527","321","205","9820","54221","26753","507","390","89","532","446","345","10384","1093","785","784","29.1","108","157"
